{
  "probe_stats": [
    {
      "name": "base_vs_ai_plus",
      "mean_a": 0.6551685193025818,
      "mean_b": 0.7035426872973842,
      "mean_diff": 0.04837416799480232,
      "std_diff": 0.19943350901745407,
      "t": 0.7670353469326345,
      "p": 0.46270627408546977
    },
    {
      "name": "base_vs_ai_minus",
      "mean_a": 0.6551685193025818,
      "mean_b": 0.4988202559598521,
      "mean_diff": -0.15634826334272983,
      "std_diff": 0.24843912138724603,
      "t": -1.9900916474591057,
      "p": 0.07778510611618858
    }
  ],
  "judge_stats": [
    {
      "name": "base_vs_ai_plus",
      "mean_a": 4.0,
      "mean_b": 4.1,
      "mean_diff": 0.1,
      "std_diff": 0.31622776601683794,
      "t": 1.0,
      "p": 0.3434363961379136
    },
    {
      "name": "base_vs_ai_minus",
      "mean_a": 4.0,
      "mean_b": 3.6,
      "mean_diff": -0.4,
      "std_diff": 0.9660917830792959,
      "t": -1.3093073414159542,
      "p": 0.22286835013352033
    }
  ]
}