{
  "config": {
    "model_name": "Qwen/Qwen2.5-0.5B-Instruct",
    "dataset_path": "datasets/HC3",
    "output_dir": "results",
    "max_samples_per_class": 300,
    "max_answer_len": 256,
    "batch_size": 16,
    "device": "cuda:0",
    "seed": 42,
    "layers_to_probe": [
      0,
      12,
      23
    ],
    "generation_prompts": 10,
    "gen_max_new_tokens": 64,
    "gen_temperature": 0.7,
    "steering_alpha": 2.0
  },
  "data_stats": {
    "total_samples": 85449,
    "mean_length_words": 146.20324404030475,
    "median_length_words": 118.0,
    "missing_texts": 18,
    "class_counts": {
      "human": 58546,
      "ai": 26903
    }
  },
  "probe_results": {
    "0": {
      "accuracy": 0.9444444444444444,
      "precision": 0.9347826086956522,
      "recall": 0.9555555555555556,
      "f1": 0.945054945054945,
      "direction_norm": 0.40676432847976685
    },
    "12": {
      "accuracy": 0.9777777777777777,
      "precision": 1.0,
      "recall": 0.9555555555555556,
      "f1": 0.9772727272727273,
      "direction_norm": 17.443201065063477
    },
    "23": {
      "accuracy": 0.9666666666666667,
      "precision": 0.9772727272727273,
      "recall": 0.9555555555555556,
      "f1": 0.9662921348314607,
      "direction_norm": 96.09158325195312
    }
  },
  "steering": {
    "best_layer": 12,
    "score_means": {
      "base": 0.6551685193025818,
      "ai_plus": 0.7035426872973842,
      "ai_minus": 0.4988202559598521
    },
    "score_stds": {
      "base": 0.2238102415737489,
      "ai_plus": 0.10794130990031003,
      "ai_minus": 0.2546581200758899
    }
  },
  "timestamp": "2026-02-14T17:04:13.884465"
}